{
 "country": "CA",
 "n_cats": 3049,
 "n_pairs": 15983,
 "max_rank": 6,
 "models": [
  "tfidf",
  "glove",
  "gemini",
  "openai"
 ],
 "per_model": {
  "tfidf": {
   "1": {
    "mean_pct": 0.7299937009811401,
    "n": 2896
   },
   "2": {
    "mean_pct": 0.6936606168746948,
    "n": 2809
   },
   "3": {
    "mean_pct": 0.6615964770317078,
    "n": 2671
   },
   "4": {
    "mean_pct": 0.6499847173690796,
    "n": 2578
   },
   "5": {
    "mean_pct": 0.6367126703262329,
    "n": 2534
   },
   "6": {
    "mean_pct": 0.619369387626648,
    "n": 2495
   },
   "overall_mean_pct": 0.6672148704528809
  },
  "glove": {
   "1": {
    "mean_pct": 0.8675891757011414,
    "n": 2896
   },
   "2": {
    "mean_pct": 0.8331323862075806,
    "n": 2809
   },
   "3": {
    "mean_pct": 0.8022871613502502,
    "n": 2671
   },
   "4": {
    "mean_pct": 0.7811455726623535,
    "n": 2578
   },
   "5": {
    "mean_pct": 0.7528764605522156,
    "n": 2534
   },
   "6": {
    "mean_pct": 0.7407546639442444,
    "n": 2495
   },
   "overall_mean_pct": 0.7986911535263062
  },
  "gemini": {
   "1": {
    "mean_pct": 0.9159429669380188,
    "n": 2896
   },
   "2": {
    "mean_pct": 0.8662238121032715,
    "n": 2809
   },
   "3": {
    "mean_pct": 0.8251540660858154,
    "n": 2671
   },
   "4": {
    "mean_pct": 0.797589123249054,
    "n": 2578
   },
   "5": {
    "mean_pct": 0.7604133486747742,
    "n": 2534
   },
   "6": {
    "mean_pct": 0.7430312633514404,
    "n": 2495
   },
   "overall_mean_pct": 0.8212922811508179
  },
  "openai": {
   "1": {
    "mean_pct": 0.9061731100082397,
    "n": 2896
   },
   "2": {
    "mean_pct": 0.8555738925933838,
    "n": 2809
   },
   "3": {
    "mean_pct": 0.8137050867080688,
    "n": 2671
   },
   "4": {
    "mean_pct": 0.7858420610427856,
    "n": 2578
   },
   "5": {
    "mean_pct": 0.7517367601394653,
    "n": 2534
   },
   "6": {
    "mean_pct": 0.730360209941864,
    "n": 2495
   },
   "overall_mean_pct": 0.8104887008666992
  }
 }
}