{
 "country": "US",
 "n_cats": 3520,
 "n_pairs": 18407,
 "max_rank": 6,
 "models": [
  "tfidf",
  "glove",
  "gemini",
  "openai"
 ],
 "per_model": {
  "tfidf": {
   "1": {
    "mean_pct": 0.6880061626434326,
    "n": 3321
   },
   "2": {
    "mean_pct": 0.6516504883766174,
    "n": 3218
   },
   "3": {
    "mean_pct": 0.6184709072113037,
    "n": 3072
   },
   "4": {
    "mean_pct": 0.6030741930007935,
    "n": 2971
   },
   "5": {
    "mean_pct": 0.5944162011146545,
    "n": 2926
   },
   "6": {
    "mean_pct": 0.560250461101532,
    "n": 2899
   },
   "overall_mean_pct": 0.6213387846946716
  },
  "glove": {
   "1": {
    "mean_pct": 0.8226556777954102,
    "n": 3321
   },
   "2": {
    "mean_pct": 0.7650059461593628,
    "n": 3218
   },
   "3": {
    "mean_pct": 0.7217159271240234,
    "n": 3072
   },
   "4": {
    "mean_pct": 0.7020106911659241,
    "n": 2971
   },
   "5": {
    "mean_pct": 0.6715949773788452,
    "n": 2926
   },
   "6": {
    "mean_pct": 0.6499524712562561,
    "n": 2899
   },
   "overall_mean_pct": 0.7250455021858215
  },
  "gemini": {
   "1": {
    "mean_pct": 0.856674075126648,
    "n": 3321
   },
   "2": {
    "mean_pct": 0.7996723651885986,
    "n": 3218
   },
   "3": {
    "mean_pct": 0.7483231425285339,
    "n": 3072
   },
   "4": {
    "mean_pct": 0.7241142988204956,
    "n": 2971
   },
   "5": {
    "mean_pct": 0.693953275680542,
    "n": 2926
   },
   "6": {
    "mean_pct": 0.6682275533676147,
    "n": 2899
   },
   "overall_mean_pct": 0.7516841888427734
  },
  "openai": {
   "1": {
    "mean_pct": 0.8755267262458801,
    "n": 3321
   },
   "2": {
    "mean_pct": 0.8150707483291626,
    "n": 3218
   },
   "3": {
    "mean_pct": 0.7655970454216003,
    "n": 3072
   },
   "4": {
    "mean_pct": 0.7356989979743958,
    "n": 2971
   },
   "5": {
    "mean_pct": 0.705660343170166,
    "n": 2926
   },
   "6": {
    "mean_pct": 0.679252028465271,
    "n": 2899
   },
   "overall_mean_pct": 0.7661275863647461
  }
 }
}